"","station","smoother","edf","Ref.df","F","p.value"
"1","GTMPINUT","s(cont_year)",83.3259071302143,103.246236195676,4.13722776850932,0
"2","GTMSSNUT","s(cont_year)",76.2913572925472,94.6949087391325,4.24535536546069,0
"3","GTMFMNUT","s(cont_year)",102.870334628986,126.690457780116,6.18795180705765,0
"4","GTMPCNUT","s(cont_year)",72.5895769145894,90.109957235655,3.82362644342742,0
