"","station","AIC","GCV","R2"
"GCV.Cp...1","GTMPINUT",-185.291064026771,0.0313169767016637,0.630899659634694
"GCV.Cp...2","JXTR17",-135.939729754035,0.0343041707829892,0.408048153714274
"GCV.Cp...3","GTMSSNUT",-236.691505615252,0.0243147892894752,0.617290677358228
"GCV.Cp...4","JXTR21",-177.790150602616,0.0287839828711927,0.614095173018997
"GCV.Cp...5","GTMFMNUT",-243.43094662488,0.0273784334624857,0.761576972781692
"GCV.Cp...6","MRT",-96.4665814783714,0.0414518687806972,0.492401298986256
"GCV.Cp...7","GTMPCNUT",55.913478078879,0.0840126324462058,0.582066104918653
